V1,V2,V3,V4,V5,V6,V7,V8,V9,V10,V11,V12,V13,V14,V15,V16,V17,V18,V19,V20,V21,V22,V23,V24,V25,V26,V27,V28,V29,V30,V31,V32,V33,V34,V35,V36,V37,V38,V39,V40,V41,V42,V43,V44,V45,V46,V47,V48,V49,V50,V51,V52,V53,V54,V55,V56,V57,V58,V59,V60,V61,V62,V63,V64
1.7906718,1.7237395,2.8620234,-0.359807,3.9477696,3.0167851,0.29945594,2.0534286,5.6444254,1.8339837,-2.5671937,1.0001612,0.7572427,-1.7522149,0.48233795,4.7981586,1.8885818,3.7785552,-0.34831673,3.291867,3.0836625,1.6215172,-2.1485498,-1.5828364,0.5414018,0.87898624,2.5597172,0.18329656,0.45722413,-1.5649663,1.111316,0.7698109,5.958865,4.40249,2.4255495,3.3597245,5.510704,5.1179028,2.0014875,1.0324948,4.135635,-1.2795107,-2.1055534,0.16042265,6.2575083,3.0946133,3.741317,2.3369591,3.1668699,2.7897084,-0.11322856,-1.8057733,0.24801278,-2.2744403,2.527669,1.7994931,0.5091276,-2.9333844,-1.8367417,3.6061306,1.3071852,-1.3218292,-0.43479586,0.015064836
2.3044446,1.0270045,1.4121797,-0.4154184,1.1693918,0.48388427,3.8058271,1.3812358,4.889623,3.400683,0.66015977,1.4033562,1.3705828,-1.4926623,1.9952533,3.890127,1.9712825,1.2321267,2.8559537,3.1206107,1.0797939,0.9777832,1.021015,2.3195698,1.8629674,0.7518515,3.3913457,2.9805984,0.7998881,1.6617329,2.3550432,1.4506438,2.503799,4.181443,2.9905944,2.637701,2.7217798,3.1897368,1.2018074,0.68657696,3.1605499,-2.238016,0.22800916,2.170691,2.8490286,4.027936,2.441982,0.88505733,2.4739163,1.6139078,-1.6145804,0.7351234,1.1840558,-3.3483315,3.2962587,2.4531162,-1.5143843,-0.04174924,-0.63728166,3.0885787,3.3131518,-2.2377646,-0.11080241,3.340582
1.3393265,1.9871612,-0.123496056,-1.8198586,-2.4057193,0.60338163,4.2084303,1.2464445,4.0300083,3.6183808,-0.91898626,1.7216836,4.215087,-0.07725462,0.525368,5.2976847,1.9482121,-2.7704937,2.350085,1.6717728,-0.12168813,0.5627158,0.054813623,2.440428,-0.09406945,3.8753204,4.314164,2.0345526,-0.5128778,2.3625689,3.9752698,-0.8040062,1.7284886,1.0201846,1.8395145,1.5247746,2.638109,1.2435157,2.8849075,0.10995746,1.1793027,-1.412658,1.9675453,1.3201844,1.4252146,0.47093838,1.8158995,-0.9982893,2.5716195,5.446308,-1.5790634,1.5542676,0.18241882,-2.184877,2.491333,0.3362081,-0.93970394,1.7534201,-0.9923585,2.0346239,2.9263315,-1.1056141,1.2247472,1.4893146
1.0858611,2.5415866,1.8042095,0.34272408,2.6882918,2.5007138,0.80137515,2.6277936,6.337723,1.2390536,-1.7269065,1.3554816,1.7605987,-1.2791255,3.4652374,4.224735,3.042526,4.51099,0.011951089,1.4167737,2.6087844,1.4060442,-0.5788892,-1.3734934,1.7025275,0.39350247,1.7244208,1.5809387,1.5529166,0.4304092,2.3720315,0.6659915,2.6471806,2.6880927,2.718893,2.7587438,3.3650603,2.05856,0.73433584,0.44429415,6.4676905,0.1265685,-1.1098236,0.92399985,5.550002,4.7851806,2.952805,2.3199375,2.6308117,3.8061068,-0.54229736,-3.0262375,0.9529872,-1.3836446,3.5908077,2.5428834,1.2576537,-2.1099443,-1.0382999,1.0482526,0.20177671,-2.1222167,-0.058962584,1.8210723
0.29741502,2.501627,1.4096303,-0.34567237,3.2967997,2.8205175,0.26078314,4.1421347,6.9109445,3.105184,-1.2469841,3.5803213,1.715771,0.6887473,1.0644047,4.6354733,2.8561296,4.5835247,0.57367694,1.9721739,3.165514,1.4273511,-0.8169505,-1.434816,2.608951,1.0506523,1.7037548,3.858408,1.195232,1.3984768,1.7078323,-0.035229623,2.8696015,2.957514,3.4870229,4.075001,2.4901576,3.9467082,0.5987611,0.9649539,7.822801,-0.9370049,-0.082893014,1.087724,4.965475,6.5049133,3.8696127,3.3298407,3.9856827,3.9955897,0.63594055,-3.5433464,-0.46453214,-1.3532581,2.9688754,4.955901,1.0067482,-1.2397304,-1.212713,3.4198093,0.16158049,-0.7430967,0.25951838,2.12363
2.0094352,3.4161735,2.3311615,1.1827896,-1.3802335,3.9427953,1.9695805,1.9083307,2.611526,1.300133,-3.2321043,0.4524458,2.7771616,0.55406183,0.3921734,3.893991,0.90730435,-0.66131777,0.563233,-1.9447685,1.3645916,1.4784893,0.45130944,1.2918398,-1.8405006,2.9816978,3.442109,-0.4699756,1.1891782,-1.0497415,-0.6152561,-0.85303557,1.564381,3.2998767,2.6877851,4.3298416,2.167151,-0.50540465,-0.9788134,1.6698947,2.109424,1.262005,0.072021484,1.7335248,4.98979,0.59587586,2.3067691,2.8100278,2.5834255,4.778207,1.4330938,2.1537454,-0.35648727,1.1528957,0.6771574,-0.03913784,2.0297568,-0.05216813,2.4032316,1.3270462,-2.041866,1.9204118,3.4033227,3.4729285
4.0694437,1.1342599,1.4966748,-0.533978,-4.1577554,0.66845304,6.17622,0.019587517,2.5588293,3.3629177,2.0673852,1.5328047,3.0535269,-0.6894675,1.1625879,2.7390842,-0.49649227,-4.649869,4.2871723,0.68757534,0.5524695,1.2503006,2.9524102,4.2544513,1.3566437,4.020044,4.873183,2.8959556,0.05681455,2.8180728,2.8184726,1.766657,1.6171595,2.815723,3.865417,1.0531671,1.3389738,1.1549809,2.9999304,2.2005925,0.75127125,-1.1935176,2.712949,1.6222894,1.5552528,1.805629,1.2205714,-1.6915202,3.5039682,2.814598,-0.5339856,1.5770112,2.6161168,-2.7398548,3.3448606,-0.7603543,-0.101819515,3.8238373,1.5797682,0.16986674,4.8008924,-0.46712565,2.0426426,5.749098
3.3987188,0.638317,-0.65867877,-0.92631316,-2.163859,1.1633117,2.087397,-0.6973307,2.7941241,4.281074,2.40733,2.7740326,2.8274195,-0.8831996,2.9485736,2.0307033,1.1458535,0.7070585,4.570736,2.2195592,1.2872622,2.43089,2.851501,1.7045316,2.163132,1.1333895,2.3372571,3.132575,0.6895747,2.7997515,5.4853444,0.9215518,2.559376,2.434169,3.1544363,1.8435552,1.9222596,0.7504291,2.6025262,0.78685737,3.3157434,-2.415265,2.45682,1.8218771,0.30714834,3.3072762,-0.39448512,-0.81190485,1.3338063,0.83085597,0.08190107,1.7227682,2.025927,-2.8609798,2.1485631,3.2023513,-2.1344376,1.6973865,-1.0773624,1.5548853,5.662631,-2.632585,-0.10477042,2.9230962
1.4138583,3.6051772,3.573378,1.0057042,0.583613,2.3267076,1.0036206,2.1867568,2.3792558,2.3662744,-2.6912386,2.4369655,3.7255983,0.85863113,1.1044989,2.654467,2.3017232,2.012858,0.78399575,-3.020838,3.8663712,1.8641951,1.3531948,0.8450215,-0.54064655,3.5892344,4.1139956,-0.7676225,2.5998356,-0.7725084,-1.1160266,1.0778192,2.0889752,4.4804497,4.352237,4.73274,0.7463763,2.4469464,-0.7624294,1.6363438,3.0589845,2.4185684,2.0046387,1.616029,5.712089,0.5805419,3.3294907,2.399568,2.8015342,4.8188424,1.4840822,1.4290373,-0.5868329,2.7686071,1.5500424,1.336407,3.116745,-1.151113,2.3241668,2.3701837,-1.3932333,1.5540385,3.8518882,2.1757345
2.187973,2.6078715,2.2756329,0.6840613,3.5807788,1.735622,-0.14575365,2.4081044,5.779687,2.8577056,-0.31218892,4.2327843,1.3892529,-0.27354577,1.774053,3.1413255,3.2978082,4.87673,0.6843775,1.3973197,3.493483,3.5383189,0.87737536,0.2589891,2.8848312,0.36305177,1.8818104,0.1342498,2.544725,0.5231433,2.2678528,1.7946596,3.8112988,3.7384496,3.068385,4.4490247,4.0882998,3.01292,3.2524605,0.9860126,5.7052813,-1.0142612,1.9242265,1.5943621,5.022717,3.4342198,4.316636,3.0692232,2.9597824,3.3491137,-0.48868322,-1.287543,2.6679857,-0.43220568,3.649905,2.808816,0.5678797,-0.9163904,-1.1671505,4.2927146,1.9811225,-2.4068582,-0.27475238,2.1416283
4.147092,4.195504,-0.78623295,0.9286282,2.2865503,4.6159005,0.58944523,2.3291082,4.051892,1.693056,-2.622181,1.7697067,2.3409672,0.3193217,1.1366146,4.4886217,1.5929623,2.1719925,-0.8412227,-1.5685915,3.5923147,1.3386941,0.038517952,-1.3073559,1.770002,2.5159607,0.24083793,1.3171117,2.231645,-0.30673432,2.6112742,-0.49243605,4.662266,4.7465696,3.5332704,4.0937963,3.4077866,0.5626671,1.3095399,1.5780957,4.232936,0.8669344,0.81847,2.7479403,7.140851,1.8978922,0.67216754,4.261734,3.6253355,5.2986913,2.0868745,0.0020534992,-0.25966835,2.432659,0.12043023,2.6664503,2.1651196,-1.8885119,0.9948232,1.2063167,-1.8601592,-0.5303883,1.896522,2.1969557
1.8879877,3.1699677,1.1513836,2.081334,-1.303437,5.034916,1.3723632,2.4743695,2.8586965,2.3927603,-3.6421888,1.2045754,4.088316,2.0263343,0.34342086,3.9433875,0.8479609,-0.809151,0.04383886,-3.9630482,2.9377732,1.8990138,1.1053114,-0.30690455,-1.5981426,4.8873086,2.6647527,-0.48855495,0.81013715,-0.009841323,-0.32584286,0.99142325,0.5040779,3.9149423,3.621384,4.056074,0.3264799,1.0234332,-0.97566307,1.7985287,0.6539792,3.2985392,0.09194738,2.0716724,5.780083,-0.13639987,2.670508,2.9751985,2.758797,4.613783,2.1397862,1.908986,-0.44518352,3.7073028,-0.7566725,0.22797441,2.982641,-0.14554882,3.4124637,1.6317482,-3.2856102,3.1727421,3.656237,3.8576884
5.603799,1.924279,0.4495056,0.2634287,-5.7920027,1.1873957,3.9727917,-0.12646699,2.7043488,5.5461335,0.93742186,1.7930099,3.1233115,-0.41147742,0.8354398,4.023532,-1.3159032,-4.192525,4.1372714,-0.5084048,1.1437914,0.6977466,2.0269399,2.3149693,-0.80704737,4.152557,4.1745706,3.2872245,-0.40541148,2.1059296,4.889055,0.29365587,1.6504816,4.1029177,4.1073775,2.45698,0.81278896,1.1959752,2.1309528,1.7145783,-0.8175684,0.65800095,1.27393,1.9578314,-0.27850842,1.1384869,0.8163986,-2.3012128,1.1024137,2.4473839,-0.07598114,0.82767963,1.5873959,-1.6270323,2.2598894,-0.7166085,0.14162397,3.9619887,1.8217657,2.1149175,3.101946,-0.7125261,1.6890743,4.4696918
0.9250834,3.252035,3.0875788,0.6639466,2.9963803,3.7191727,1.6060477,2.9941678,3.9316745,0.9104624,-2.4540973,2.0527172,2.4327056,-0.019948397,2.2441878,3.1068811,3.9686046,4.517468,-0.5020441,-0.2601115,4.842641,0.32053506,2.8965957,-0.9052403,0.7473288,1.7647414,3.6202607,1.3498443,1.2232442,-0.47263157,-0.63422847,0.1255399,2.6955984,3.1892538,2.4033096,4.6134253,1.1515169,3.8645127,-0.80924577,1.1026844,4.99825,2.3616245,-0.028399706,1.6093783,5.186561,5.3861203,3.1225457,3.084418,2.7720509,3.8295143,1.3703108,-1.204406,-0.1886617,1.5254006,2.1030874,2.9888492,2.2852879,-1.5078166,1.8700833,2.7792273,-2.200811,1.3817953,2.246809,4.562043
2.4638383,3.6833482,-1.8268608,4.163344,-2.0255,4.230321,1.8530389,3.7092013,1.9379354,3.0620084,-0.99567807,1.7047527,3.696331,1.8644501,-0.42966175,3.343809,0.08729267,-2.2132359,2.8669739,-2.4368644,2.5186193,2.8884974,2.7292118,0.73983276,0.4936294,6.382642,1.286846,0.4197824,1.8085738,-0.08206546,0.61586666,-0.1995722,0.83299804,5.0548306,4.1288214,3.3955832,0.777246,-1.2344543,-1.225966,3.0466871,2.461186,2.7796845,4.2801285,1.3975959,6.0902853,2.281942,-0.45923236,3.157545,3.4431543,4.306377,2.5071068,0.4453268,0.5440669,4.366634,-1.107501,1.1595993,2.6995027,1.4685731,3.4981036,0.0024341345,-1.4684457,1.7205396,3.675925,4.858732
0.63400507,4.028202,2.2785625,-0.3121543,3.8326864,3.9639792,0.2960916,2.9914923,4.5566344,0.19257188,-3.4844894,1.2971482,2.545201,0.20895058,1.5985149,4.103358,3.79743,4.570471,-1.7377819,-0.52785087,3.9877887,1.8148425,-0.5832997,-1.8452913,-0.25579897,2.0676146,2.4709883,-0.9525411,1.2155013,-1.6842993,0.5165434,0.5591353,3.5723503,3.4329088,2.556071,4.524595,1.989821,3.6387289,0.66839707,0.78747016,4.862744,0.86525774,0.15968585,2.0966687,8.058422,3.396315,3.048193,3.6855621,2.752128,3.7649944,0.28747272,-0.914253,-0.12136769,1.1763031,1.1375115,2.927003,1.5661018,-3.0319657,0.44427878,2.396276,-2.6603186,0.7132383,1.9387237,2.115529
3.1359863,0.25374746,0.4453595,-0.042090416,-0.14545232,-0.26888168,4.0093646,0.864182,5.5143433,3.5839033,-0.038909256,0.8936464,0.46965408,-1.2210195,3.220434,4.971501,3.2044065,2.1318493,2.6139548,5.462087,2.0179958,2.7944722,1.4519517,2.5568156,2.9310899,0.34041673,4.870776,2.4423964,0.6733868,2.5018015,3.7046046,0.54019934,2.3106027,5.159795,4.4446254,1.7590759,3.201731,3.3449574,1.8492066,0.6071645,2.3813372,-3.0797644,0.7523087,1.5720739,-0.25141656,2.188232,3.1124282,0.11032015,1.838223,1.4852669,0.64316535,0.2512529,1.6455438,-4.9836445,5.3811407,2.2420397,-1.8898592,0.8978114,-1.543279,3.8222427,3.53148,-2.340542,-1.0589371,2.2385466
4.6907473,1.4706676,-0.75651157,-0.45017338,0.9754104,1.0798312,3.1197257,1.9129684,5.625043,3.517445,1.6657329,3.606829,0.74231726,0.03853458,2.5784807,2.699849,2.7495925,2.180852,2.5878537,1.6625254,1.271091,2.9368992,2.526034,3.4673026,3.676865,0.3875209,1.6349964,2.8629355,2.4143262,2.1803493,3.948751,1.1369534,4.5468206,4.235413,4.2848697,2.4164076,3.6363626,2.5732026,4.073646,0.076530695,2.7859435,-2.709624,3.240264,1.9479392,2.3363643,3.8366823,0.70798784,2.0271204,2.754642,2.5250125,-0.3873744,-0.6322484,2.6091514,-1.9782448,4.9292383,3.4820507,-0.39713335,0.6649916,-1.7224935,2.9404483,2.8337958,-2.2386067,0.14519286,2.9129796
6.3159156,1.6748191,-0.35030478,0.89456415,-3.6303937,3.332725,4.2668147,0.7477839,2.184205,4.232729,-1.7227134,0.7160342,3.2016177,-0.23748544,0.7816775,3.8662107,-0.6124711,-4.2156973,2.2532094,0.2821417,1.1815178,0.005969465,0.6706458,2.4531748,-0.25148535,4.7046356,4.118317,1.1862757,1.1625333,2.2869782,2.8410506,0.64539874,4.606683,3.087022,2.917709,2.6951354,1.9740665,1.3933634,0.78050953,1.1598008,-1.3992465,0.04788956,1.6343335,2.3315954,0.82724476,0.19956654,0.47073328,-0.4278257,1.735306,4.3991957,0.56567204,2.3906295,1.06302,-1.0862517,2.1293533,-0.99647593,0.13464308,3.0456595,1.0956001,0.7384553,3.8437207,-0.63587004,1.8330896,2.8766537
3.2173994,1.8125226,1.2489314,0.3581152,0.5907911,0.70367104,3.5691705,0.7189903,3.6431189,2.561699,0.59556836,3.0344825,2.589355,-1.1611032,1.755515,3.2880807,2.6882362,0.53647804,2.075979,2.380382,1.6734494,0.37511432,1.289074,3.1094353,0.27382234,2.489114,2.8610492,3.606033,0.642492,3.874881,3.9819198,0.7368804,3.2785738,2.0513008,3.1952853,1.9740962,1.3172591,0.9717268,4.1950955,0.49301136,3.382311,-1.5071335,1.5096694,1.3708501,2.6404471,4.1354218,1.8325652,-0.61688274,3.0412586,2.57747,-1.1114864,0.75665283,1.6431053,-3.6102948,2.8048856,2.8019395,-1.5205054,2.487107,-0.35659814,1.5915701,4.6659346,-1.6706158,0.20265555,3.259474
2.6749713,3.8602564,0.20003974,2.5126357,-0.24465644,3.8097055,0.54636836,3.5413535,3.3731308,1.8217213,-3.8581378,1.9067116,3.2909,1.2434664,0.32255054,2.5387797,0.7459536,-0.09308994,-0.5405476,-2.9957788,4.012532,2.3578053,1.0749089,-1.3480538,-0.023324639,4.5943995,1.7546678,-1.7313976,1.8746325,-2.0032067,-0.22363901,-0.16827655,1.6883187,3.2195187,3.2857053,3.9029193,0.961529,0.85613114,-1.6789048,2.5825088,1.8191108,1.8293793,0.57428694,1.6468455,6.214045,1.0732101,0.9005265,3.8031266,2.345348,3.3783007,2.6094234,-0.81964636,0.28342187,4.2976313,-0.48534417,0.62014556,2.4587648,-1.3860056,3.1795185,0.45872423,-1.6102369,1.0764731,2.3010197,3.0449252
3.111155,-0.071217865,0.07332629,-0.64307475,-2.177569,0.8093213,4.7407513,0.19666195,4.243162,3.2967784,1.241899,2.407598,1.8044143,-1.2406425,3.0581026,3.2350216,1.8782239,-0.04798287,4.5291753,4.2513385,1.4234085,2.2691054,2.3847215,2.662175,2.5659323,0.83126926,4.3292713,5.5622287,-0.37817562,3.7325873,2.9124455,1.821574,2.7409987,3.1366215,3.608882,1.8158953,3.030947,3.7097235,3.1864007,1.2284286,1.2486467,-2.2746305,1.4614052,2.4896762,2.2585812,3.0780673,1.6687706,-1.5885159,2.2937791,1.0273933,0.16060019,0.2833674,2.0671425,-4.2923164,4.945891,1.8236146,-1.3118563,2.8339891,-0.6792697,2.6335456,5.4972672,-2.934825,-0.5903559,1.9810039
0.894665,3.219114,3.3287368,0.26651025,0.27642488,3.9083767,1.6633692,2.4557972,4.3678303,1.5695302,-0.8235488,2.2192645,2.8596954,0.5760612,1.0615155,4.3383284,2.4748147,1.6590023,2.0686083,-1.9515189,2.637774,2.4275203,1.4097308,-0.5673911,1.4182246,3.4141147,3.799296,-0.44723833,1.4175067,1.239234,-0.21406126,0.36551213,1.4299086,3.633195,4.651141,4.209967,1.239439,2.0845563,-0.8256685,1.704306,2.7086496,1.408797,0.8370293,2.1487277,6.5941677,2.8764791,2.7953675,3.2840757,2.987721,3.7524612,0.70209885,-1.4319518,-0.06585717,1.8113531,1.1963592,2.7983506,2.575258,-1.0935462,1.6049238,1.3294193,-1.6061894,1.3263099,2.0471866,3.0524616
0.54117125,0.90772814,2.130274,-3.1075842,0.6935099,-0.6900338,6.0394764,0.32813883,4.3118386,0.3448506,2.0068521,2.8590562,3.474963,-1.8986523,4.226812,4.1585217,4.5746017,2.0786655,3.2199259,6.2602463,1.0389702,0.07050669,0.9399855,1.118423,1.2946361,0.34154895,4.1852965,5.9486113,-0.6486571,3.8395855,3.8480182,1.6021388,2.3049755,-0.047276855,3.7016482,-0.3099929,2.8677537,2.0296128,4.692522,-0.050223827,3.8252282,-3.0949473,1.7103422,1.0062526,2.3135352,4.2719007,2.437873,-1.4588256,3.308437,2.758046,-2.8008213,0.9197326,0.5235982,-4.0830126,3.1399934,2.1869745,-2.3442998,-0.3466835,-2.4251773,2.0657547,4.686711,-3.0180876,-1.2165239,2.4500587
0.82269406,3.366185,4.6669073,-0.6273203,3.6446836,4.8949375,0.18409616,2.5172656,6.2434053,-0.3193822,-5.968124,0.77836406,0.5997993,-0.29077503,3.1331904,5.139053,2.7940345,5.7736673,-1.2429086,1.5797033,5.650206,-0.14332473,-1.4835312,-2.9074597,-0.8529576,-1.2610239,4.4429994,1.260292,0.38029784,-2.5824842,-1.6617684,0.5192511,2.6682954,1.2980094,2.2449064,5.683078,1.386466,2.921854,-0.83135664,0.6940445,6.743698,-0.07253378,-3.0401745,1.706115,6.2025433,3.4635751,3.9168808,2.6529408,2.5739045,2.3186026,1.2865088,-2.1469846,-3.1104708,-0.22624826,3.4269445,1.8923154,0.29618263,-3.2890718,-0.8602127,2.7706048,-0.6934034,0.6241297,-0.1308701,1.3839072
2.9122891,1.6697154,2.1737852,-1.2893598,-3.744525,0.81569237,4.808419,-0.19352937,2.6427863,3.919687,-0.45304483,1.4121841,4.198757,-0.63401943,0.29082513,4.2564106,0.29538667,-4.730795,2.84717,0.7398268,-0.44465542,0.00030606985,0.6029295,3.089395,-0.32094473,4.576115,5.2346735,0.96596956,-0.7146307,1.5774632,3.060736,-0.47940394,1.9032907,1.6128147,2.016465,1.5868509,2.5291364,-0.4296077,1.9908994,1.1779709,-0.885579,-0.83195984,1.6098804,-0.414989,1.375679,1.4823211,2.6488605,-2.1351886,3.2131448,4.85931,-1.3288107,2.3270383,0.85924983,-1.8167171,2.505266,-1.7021645,-0.24190426,2.5241296,0.27745175,0.87295437,2.9035168,0.99951154,1.6435196,3.9836235
3.979698,3.657556,2.0841405,0.65253425,0.8814292,4.5658684,0.47144055,3.1019852,3.8635838,2.343701,-1.8807967,2.2862468,1.7952741,0.69432616,-0.09709215,3.3985858,3.2399976,2.5446513,-0.45097822,-1.1016798,3.5508404,2.9651341,-0.17603958,0.16462588,2.3456993,2.2361417,4.0502024,-0.42856932,0.91757333,-0.27954614,1.1194928,-0.5527593,2.980857,3.804893,2.9982886,2.6528335,1.0190063,1.4881847,0.56880283,2.0024166,4.086052,0.95465314,0.8775822,1.6387454,6.0633726,2.1943133,3.2915654,3.0895252,3.3299618,3.8938444,1.0993629,-1.3412552,2.7866538,1.5341694,0.3392706,2.2792096,2.0430129,-1.2419815,0.07471858,1.7141981,-0.37296072,0.04509231,1.0287194,1.9024059
-0.16973805,2.5945172,1.226093,1.4036473,0.95058966,3.0017147,-0.036517292,3.0687149,4.062485,0.5150039,-3.5436294,2.0168972,0.9351896,0.29570347,-0.30809963,3.4988966,1.5171901,1.1233454,-0.92265236,-1.1757178,0.99266183,0.06312817,-0.5307404,-1.0182924,-1.1864595,2.260447,2.3398974,-0.21964514,1.4278544,0.0731858,1.2204609,-1.1629668,1.8187733,2.903419,2.5491195,3.4749098,2.2804828,1.075401,-1.3259948,0.92437613,3.0552692,0.6508118,0.3440938,0.6069901,5.6006594,0.98124623,2.4904313,2.9737427,1.971669,3.636231,1.7368147,-0.5783043,-0.8718257,1.4550756,1.9007623,0.00689435,1.5359399,-2.062477,0.38811627,1.34017,-2.4416122,0.24907844,0.95271623,1.9570345
0.88625854,-0.176402,0.015986204,-1.8824406,-1.3553503,-0.3795365,3.4176593,0.5530455,5.84225,3.4999633,0.5318304,1.6111898,-0.39776266,-1.3417454,4.2169857,4.447585,1.3231202,3.3890903,3.3411248,6.292486,1.2027802,1.2352347,2.1929958,2.705633,1.6608601,-0.4085611,4.094163,4.131648,-0.8203037,2.7999017,3.5876737,0.7639261,0.8744621,0.7866925,4.2381806,2.0908132,3.3081036,2.5645125,2.572953,0.2248317,2.6411026,-3.0926137,0.52040774,2.439068,-0.47598886,3.0077941,2.150216,-2.3315864,2.089673,0.30356145,-1.0752525,-0.30695963,2.195485,-5.518506,4.689493,0.7829995,-2.3709674,1.3620882,-1.2020963,1.9099159,4.8464217,-3.3306978,-1.3560772,1.4105554
3.4513545,3.277216,6.1133122,0.38062453,-0.032904387,5.793125,1.7980603,1.5299077,5.9262524,1.4628928,-5.2788486,1.4518199,2.6690009,-0.019903645,2.8696833,3.5575502,2.1406379,2.583265,-0.8720529,-1.1595759,5.562265,0.04819417,0.51500803,-1.9615519,-0.5506287,0.7290865,5.469232,-1.0841877,0.9552262,-1.893538,-2.1845794,0.7489401,1.2234632,3.9319887,2.915259,6.1014686,-0.07490671,1.7976465,-1.2162006,2.221112,4.923489,1.5049525,-1.5993341,2.1624362,4.022649,2.4196622,4.1894236,2.528451,2.776195,2.1810296,2.434887,-1.7384503,-1.1825602,0.9608637,3.632471,0.49813342,1.9959109,-0.99628496,1.9674108,2.1097403,-1.951941,1.5498811,0.749202,3.142868
2.9236622,0.7017392,-1.3643808,-1.0926929,0.8213991,0.9188752,1.9242408,2.139848,5.2714906,2.8089879,0.19079715,-0.11113441,0.1260879,-0.4425061,1.8666166,4.395012,3.1229832,2.0472202,3.3802981,5.5204725,0.26517797,2.0566525,1.7747488,4.931632,3.2778563,0.09225425,4.160181,1.9398832,0.14342654,1.5520464,5.02602,1.3942181,3.90811,2.9631236,3.8678694,1.6916616,4.6667542,5.1265554,3.2643957,-0.13378668,1.2438219,-3.0247607,0.49658352,0.7882776,0.53269804,2.545018,3.2556536,0.17996043,0.94491863,2.9183161,-0.012919426,0.65852356,1.3797381,-5.5174704,5.1167016,2.6385348,-1.921742,0.7682996,-3.5680265,4.044797,4.40264,-1.8912857,0.40900826,3.1005197
0.69514704,3.393468,3.674315,-0.5903115,3.836826,4.2791557,0.83898574,2.50437,5.483568,0.13072091,-3.828051,1.3349634,1.2542841,-0.71614957,1.7933407,4.5655813,2.947651,5.2450337,-0.9396836,1.206669,4.6555386,1.7034836,-0.04895231,-2.4234817,1.1899941,0.004169803,3.4832644,0.13294148,1.127256,-2.9120212,-0.05312252,0.7983757,3.6102417,1.5920317,3.365718,4.5609584,2.0935483,3.7416666,0.54682565,1.0210865,4.9552684,0.35736203,-0.737834,2.4862955,7.2069263,2.4600194,4.447757,3.0919023,2.739522,1.9136791,0.73438454,-1.5973341,-0.44183898,0.3726952,2.2236767,3.0278692,0.6292224,-3.4764364,0.18199041,2.6093996,-2.342449,0.09966133,-0.20355344,1.0170921
-0.0190655,2.760049,5.3802705,-0.3906772,2.4770029,4.080071,0.9999778,2.1972153,5.072466,1.2413944,-4.742202,1.2891874,1.4508193,-1.1685767,2.7796896,4.102187,3.0939028,4.4722056,-1.2357371,-0.38985708,5.148819,-0.68253374,-0.56897366,-2.6806488,-1.209999,0.22137131,4.6070385,2.1180954,0.79990023,-1.9849505,-1.9022443,0.9905838,2.4588175,1.3772371,2.7266533,5.3879657,0.9947674,3.3288558,-0.76676434,0.8306563,4.430928,0.8593117,-3.1070106,1.478002,5.0289326,3.5933487,3.810826,3.1715498,3.2548847,3.427003,-0.12796736,-0.92819,-2.91163,0.6437131,3.3932726,0.8022599,0.93894124,-2.3762171,0.17158203,3.258301,-1.8415663,0.8417338,0.8529507,2.5360196
1.3599064,2.7154973,2.274263,1.0942767,-0.4945956,3.3400776,1.2527126,3.41646,3.2077503,2.789482,-2.9213524,1.2448317,2.3881836,0.059044573,-0.12866199,2.896469,1.6506977,0.7091588,-0.020774841,-1.6769971,2.5028503,1.4765755,-0.37517822,2.6785254,-0.95820856,3.4634278,3.080205,-0.7293266,1.0241202,-0.12864792,1.4502385,-0.6494061,1.7144728,4.30833,3.2376113,4.0590343,1.962142,1.9611641,-0.6219173,1.3040729,2.0363364,1.1172605,5.750565,0.9935255,5.4400654,0.556407,2.814602,3.1709242,2.9906306,5.743513,1.2541491,1.0420377,1.0244122,2.5717585,1.9680364,0.402215,2.044383,0.3491807,1.7240865,1.3601518,-0.5279424,0.8996068,5.274742,1.1288302
5.68863,1.5614264,1.1400858,0.17248893,-3.1553688,1.8856378,4.6787724,-0.4578266,2.7798042,3.3039849,1.2791295,0.7118259,3.4981372,-0.54767275,1.207093,3.6216073,1.044202,-4.205713,3.1506896,3.2885756,0.4059546,0.36259055,1.4116966,4.042563,0.53482026,3.5811718,4.6636157,3.2103581,0.12278724,2.3685155,4.440653,0.7962377,3.117187,4.1256695,3.1452494,2.3834734,2.706984,0.79675484,2.5064156,0.6268282,0.1384635,-2.1821516,0.20768514,0.45450425,2.1125727,1.3549738,1.7981372,-1.9882348,3.1983502,2.7897692,-0.5152898,2.2519865,1.258388,-4.428067,4.201938,-0.5685973,-1.1724105,2.1835287,0.20016491,1.3536592,6.5306807,0.11081141,0.39738393,3.7542968
0.5927892,1.7192239,2.9483376,-0.9549041,2.238737,0.11368489,1.0464126,2.1994836,4.4575944,2.3567357,1.3080451,4.2705193,2.1114786,-0.56816196,2.9029336,3.2435076,2.5449605,3.300617,1.3114498,2.745713,0.67495143,1.8720028,1.6091402,-0.88619494,3.1718366,0.6043558,2.555519,3.9968824,0.819493,2.1452868,3.732855,0.30625278,1.4553761,1.1637653,3.5635097,3.4801917,1.9794283,2.97258,3.8986816,0.058656275,5.490095,-2.0330253,2.2776287,2.2694037,4.624361,5.8620114,2.4918008,1.7823969,3.632209,2.0556946,-0.45244408,-1.2584112,2.4339578,-3.2765803,3.0702507,3.7892842,-1.1781054,-0.22191119,-1.5097221,2.6177058,3.5088835,-2.5961666,-0.8730624,1.6400546
2.0252922,3.215883,4.071577,0.5163245,-1.7581737,3.4982224,1.8892944,2.053121,2.2848864,3.6885633,-2.8152199,2.1945612,3.6872334,0.51949435,1.5347339,1.8441315,2.513404,1.2481022,1.1654462,-3.560186,2.8056312,2.020889,2.4951217,1.7639084,-1.484085,4.16805,4.9141083,-0.8004776,2.4866097,-1.0635544,-1.1977661,-0.43024552,-1.10003,5.6776476,4.460361,5.6049824,0.05525112,0.9161933,-1.2784256,1.9341904,1.2980452,2.2361827,1.3454942,2.5948424,4.139699,0.85495317,2.9009576,3.0285835,2.3258233,4.1422787,2.3029554,1.6856484,0.5202992,4.4452267,1.6687438,0.59391785,3.2146654,0.9057921,3.0529544,0.7243767,-1.5563307,1.9961704,4.377867,3.79314
1.128432,0.66832614,1.8642695,-1.5995996,0.7616174,1.5864298,4.4077234,1.0325623,5.799303,2.5852575,-0.010538161,0.8741454,-0.10569465,-0.72931975,2.687035,4.5151477,3.206046,2.36373,2.7915375,4.921196,0.77777267,1.4131663,1.0828717,2.5243766,3.142103,0.8297577,5.6321387,3.0356984,-0.6178111,2.415923,3.5376878,0.07393851,1.019109,2.6635182,2.8364654,2.793654,3.416828,2.857005,1.1300776,0.1489228,3.6898253,-3.447688,-1.0622638,1.3746078,0.37926257,3.1769667,2.6170378,-0.36397225,1.3822622,1.7997463,-1.8359685,-0.032119274,1.9839952,-3.857995,4.1692758,3.5262704,-1.987638,0.7782731,-1.6914854,2.8472238,2.4696171,-2.3842978,-0.22969556,3.02343
1.6217766,2.7965093,-0.5800359,0.8886163,-0.658107,4.3944254,1.0660807,2.5359802,3.3240194,2.207595,-0.9511522,1.4126074,3.431945,1.6412938,0.8861985,4.4577436,2.1668344,0.86819786,1.065103,-2.1434886,2.5437198,-0.013672352,0.78735995,0.021006584,0.5056612,2.6486096,2.4848375,0.8478203,1.1885979,2.0682898,2.9085495,-0.14131594,0.8813367,3.05556,3.0933404,3.796825,1.563981,-0.589173,-0.3576483,0.7873973,4.120466,1.1844767,0.6715307,1.3783146,4.484808,3.9671996,3.088925,1.5159147,2.2141485,4.591712,1.0690365,1.1242311,-0.06032729,1.5199637,1.3949754,2.2553954,1.3506296,-0.7189325,1.2439079,2.0201445,-2.1658528,1.3432227,1.568762,4.45636
0.5938407,2.8928382,1.272688,-0.052789927,1.224052,2.7494998,1.6896302,2.775187,5.2832932,1.1734527,-1.503716,1.4746318,0.93645066,1.0449634,0.97212535,4.3157644,3.1692002,3.3352969,0.06565541,1.1586788,1.8622535,2.4785528,0.097755075,0.59482765,1.5846938,1.7403675,1.543894,0.74453604,0.28961623,0.014863968,1.6946039,-0.7429745,2.5600073,3.0390239,4.104245,3.5156264,3.026649,1.0853757,1.5664066,0.8266745,4.471773,-0.12881912,0.11648774,2.7763853,5.51179,3.6297534,2.1357465,1.837624,2.0982766,3.125023,-0.54553795,-1.0181501,1.020163,-0.14082074,1.1530364,3.2465968,1.0725021,-1.6799202,-0.7103268,1.8616667,-1.0287948,-0.83324987,0.60852623,2.8988857
1.5627824,1.2365239,0.0833509,-1.4192448,-0.002124846,1.0532117,1.688422,1.3742845,5.9989653,4.4483147,0.20203501,1.5195389,0.8299932,0.781118,2.6563678,5.4358883,2.725052,1.3378152,1.9186279,4.9549417,2.4582903,2.9178133,0.53590035,1.5938505,2.792084,0.13372743,4.1679993,3.0946677,0.18347424,2.2132595,5.217167,-0.2698596,2.208818,3.4200113,3.5939846,2.4010072,3.693098,2.1794598,3.3412397,0.23331755,3.5161796,-1.9036015,2.1087224,2.9470499,0.23435283,3.6792412,2.653271,-0.17294614,0.43485808,2.6773622,-0.68297434,0.26136446,1.8242295,-3.471788,4.970356,3.1078691,-1.6198363,0.5386627,-1.5580833,2.5892057,3.5864937,-2.5759993,-1.1189053,1.3747091
1.5068479,2.9403276,-0.20724773,0.9881878,2.2670918,3.3068504,1.8091319,2.0894506,5.1823287,0.8633915,-1.7554698,1.2140571,2.390633,0.21801582,0.69352174,4.228989,1.9167471,1.9284887,1.6653726,-0.07169032,3.5496535,1.3429683,0.71274793,0.75490355,1.4750459,2.448255,1.257799,1.6810015,1.3925991,-0.5633136,2.5295043,0.04874754,3.2320342,3.9092646,4.215105,2.883073,2.5841646,0.4886219,0.47985643,1.5372016,5.6717176,-0.53592694,0.72077143,1.7368692,6.4737315,4.1418967,1.611373,2.9229844,3.2955184,3.3747962,-0.26159286,-0.41824126,-0.69697297,0.73157835,1.4735701,2.944971,1.307492,-1.418994,0.16833949,1.9219902,-0.20811908,-0.5255295,1.7559613,4.185069
2.957447,2.0526001,1.1937065,-0.40309882,-3.7116983,0.9060322,4.186192,0.1990521,2.302497,4.138437,1.3494066,2.834813,3.8424058,-0.61154675,1.1786708,2.172338,-1.0700344,-4.15534,2.6412053,0.628693,0.15391111,0.3554497,2.2422354,2.3377283,0.5759728,4.040466,5.2356462,1.0888882,-0.119601786,2.4457026,3.0517015,-0.29675773,0.6549742,2.569425,2.6795325,1.507685,1.6199737,0.35111395,2.4692526,1.0245643,1.3089688,-1.4938518,3.8352857,0.9596586,0.21172202,2.3915632,1.1246922,-0.4267702,3.166131,3.1051972,-0.47389078,2.5394855,1.9316294,-2.0035625,1.3618817,0.24627209,-0.49983215,2.6790435,0.83019894,0.7947999,3.7498307,-0.7050426,1.6582607,4.624631
2.0206108,1.3697832,1.0107138,-0.43470287,-3.4665532,0.58710957,4.647812,-0.1884532,3.5390048,4.6196556,0.54232776,0.9479799,3.1443956,-0.75958085,1.6005464,3.8808932,0.08028638,-2.7503514,5.8132005,2.1234121,-0.37597728,1.0733404,1.7519286,4.039645,-0.3818,2.5475817,4.3562927,1.9075718,-1.0966789,3.1997309,3.0338645,0.56952167,2.291593,1.6727514,3.5320644,1.3085244,3.2087092,0.23572376,1.7324922,1.0124462,0.17100292,-2.0173938,1.2165366,-0.054179907,0.74922633,2.035282,2.2918425,-2.5067458,2.9883292,3.4086282,-1.2685652,2.1767516,1.160373,-2.8848345,3.5481076,-0.13941932,-0.8768964,3.8043635,-0.1808024,1.5540686,2.4343312,-1.0503143,0.75530195,4.514772
3.728611,0.93720686,0.6558459,-1.3345582,1.5998684,1.38745,3.7591095,1.9753573,6.118637,2.7836595,1.0595961,2.4647794,0.07521427,0.3166422,2.1071968,4.5730977,4.0437417,2.9890413,1.7383629,2.9728196,2.081615,1.438953,1.6971877,0.4093678,2.234377,0.2604058,4.2785916,3.9171731,1.6131986,2.3836746,3.2244043,0.13688834,3.4764419,3.8467653,3.5837984,2.8604727,3.2360032,2.8780286,1.9012378,0.9195513,3.8375452,-1.2705413,0.8853973,1.5951308,4.09804,4.46704,3.1502745,0.7017322,1.1686661,2.7833977,-0.5541749,-1.4129984,0.7408807,-1.3945022,3.1183193,2.2828898,0.1290884,-0.26396775,-1.7463367,2.1058214,2.3529425,-1.1487995,0.083277225,1.9997377
3.2730079,2.2544692,2.4334626,1.5312805,-0.6861712,2.815169,2.0499072,2.3713067,4.2123003,3.9959404,-2.9056926,1.9590641,2.0702658,-0.23586081,-0.60211515,3.2806735,1.7134843,-1.089284,0.042714953,-2.0014715,1.0776745,2.318737,0.31865275,0.41731548,0.09366751,3.342204,5.395005,-1.4720376,1.2943635,-1.4346006,0.4975233,-0.57911,1.7740303,5.3943486,2.9167333,1.9716175,2.3454056,0.6494276,-0.49997383,1.6861352,2.7685432,0.77458394,0.34631705,0.45076105,5.5677357,0.92651975,1.5559437,2.6964345,2.5744476,4.4396954,1.5406327,0.003443718,0.6674361,2.1374724,-0.17658472,0.3534336,2.342967,-0.9195061,1.4371214,0.89751244,-1.4497968,0.50265896,2.0044093,3.2643778
2.7400267,0.47691104,-0.6671132,-1.2750516,-1.9225061,0.5717054,5.7490926,1.6841428,4.6630554,3.431851,2.1803546,1.2880869,1.2198851,-0.5005345,3.0315928,3.839237,2.0142636,0.34184575,3.9274762,3.598578,1.2498391,2.1550603,2.5985942,1.9703147,2.191721,0.530194,3.2546477,3.707543,-0.05430025,3.7690234,2.4740343,1.0911803,1.5867329,1.2996485,3.259755,1.2481847,2.8822672,2.1654954,1.6804473,0.56397533,2.611064,-1.8032228,2.5223134,3.3749382,-0.27324772,2.5549998,1.2944136,-1.5005428,2.4381204,1.7055085,-0.21519923,0.24616528,2.35368,-4.381706,4.514927,1.7674122,-1.422039,1.819977,-0.56904703,1.713562,3.836452,-2.5564039,-0.7388947,4.0694904
1.9268787,2.7757916,3.186472,2.6763453,3.959105,4.35846,0.43146366,4.151349,6.1360188,1.9417827,-5.1738033,1.9051318,1.6367773,-0.47332525,0.7396604,4.3741345,2.8669655,5.0691767,-1.8660878,0.81045973,5.717472,1.307171,-1.0829669,-2.3643246,-0.87862265,2.3859682,5.1408634,-1.9036202,1.4189165,-2.4456024,-0.12278581,0.07830441,3.2392936,2.6244948,1.8632336,5.7382774,1.3157902,2.1279361,-0.3909653,1.7977424,5.1162252,-0.107501104,-1.3012646,1.932879,8.120137,3.3210652,2.3590868,3.9308457,3.0913706,2.242286,3.8924637,-2.0341432,-0.44839454,0.49454165,2.070918,0.43473887,2.2157068,-0.76534045,1.3874785,2.6325083,-1.6684898,1.062162,1.2609681,1.9651511
0.57632625,4.346533,1.980407,0.8508179,2.5176816,3.578481,0.06914511,3.5096846,5.3309336,0.8774374,-3.3504386,1.5869569,1.7490721,1.1413403,1.3287408,4.4399395,2.6999197,3.6079679,-0.8414357,0.7408092,3.1725435,1.1857463,-0.8781747,-2.19062,-0.07029939,1.000531,2.594105,0.036916494,1.1293199,-0.05843377,-0.3781054,0.17850292,2.8864532,2.8505926,2.5722163,4.562857,2.578091,2.8492503,0.19374667,1.4195138,4.5587897,0.5512469,-1.2674663,1.3277915,8.980828,3.049012,2.5988655,3.245554,3.1613789,2.832596,1.0364866,-2.5263405,-0.82997864,1.3138833,0.65356827,2.115094,2.0614784,-2.0230265,0.75504875,1.8195038,-1.5899998,0.9885184,1.2258605,1.6715083
4.060229,0.2389592,1.8173959,-1.0319743,-3.4542046,0.73687047,6.035724,-0.5487411,3.7835896,3.5194914,0.3108487,0.7720505,2.7387125,-1.7650541,2.8966618,4.9856296,0.07706332,-2.309866,4.526319,2.1085377,0.7797208,0.55132556,2.081789,2.4612792,1.2278702,2.5555098,4.9538255,4.471836,-0.29133308,3.3025222,2.4611623,1.4379927,2.0569038,3.4199114,3.250694,1.1814574,1.9175365,0.73817265,1.7778308,1.1625413,1.8414193,-1.6092533,0.7906559,0.9133837,0.32477784,2.1207428,2.2357652,-2.2532406,3.5546455,3.0589578,-1.9520652,1.1013129,1.2850122,-3.6856666,3.9956522,0.39095306,-0.7921591,1.992867,-0.4203546,1.057567,4.1075797,-1.2460275,0.30456996,5.322809
1.2436807,2.529488,1.3707033,1.1235683,1.5917861,3.387489,0.08485627,3.7133973,3.1089022,2.2687774,-1.329875,1.5387006,1.8886133,0.6798687,-0.24253571,2.9642067,1.6341114,1.3021247,1.3757766,-0.75465584,2.0367799,3.1707878,0.9545717,-0.502677,2.2922597,3.6152387,1.1058619,0.5286876,0.9982245,-0.47291744,0.15687609,-0.9722326,2.8216655,4.2457333,3.10677,3.2383351,3.0148814,1.6249399,0.21259248,1.0083451,4.28594,0.5406035,1.0766412,1.6465783,6.3097596,4.2846975,2.8438962,3.782847,3.1827068,4.746516,1.6396394,0.442389,0.28580046,2.4058907,0.73691154,3.3406117,2.633454,-1.6521506,0.35740238,1.660984,-0.9675463,0.26863885,2.402557,3.962906
-0.61676884,3.0650575,1.5215502,-0.2751813,3.0677385,4.155604,0.24300323,3.4343822,7.003826,1.0254539,-3.6244636,1.0356027,1.3320466,0.8318759,1.488051,5.396922,2.6246593,3.823419,-1.2919743,1.8266103,2.543056,2.2258441,-1.2094876,-1.6330194,0.3429119,2.0529146,2.8925812,-0.64868623,0.48856515,-1.1514199,0.6624925,0.87145114,2.5995862,3.0112581,2.7598815,3.938842,2.209336,2.7518065,0.8070632,1.5039504,4.067691,1.2253444,-0.7553911,1.7546657,8.790297,3.6412323,3.8642592,3.213584,3.1136057,2.243223,0.83359075,-3.110573,-0.28619194,1.6210549,0.88502955,2.3913822,0.47819805,-3.7448702,0.69574535,2.3280706,-2.3455133,-0.13868682,-0.27348638,1.1672523
2.8967896,1.2573724,2.4928756,-1.0834227,-1.2817212,0.41897348,3.6767998,1.3251991,3.3824759,2.7662268,2.9157043,2.0613732,1.1167674,-1.6180261,1.0780548,2.8203912,0.23197877,-0.8784112,2.809719,1.7412983,-0.25617325,1.6362067,3.8470862,4.081213,1.3647354,2.0107794,4.470561,3.0210094,0.60446185,2.2145848,2.9982226,0.8310654,1.0572149,2.590025,3.3717723,2.890472,1.4003978,4.1083736,3.1764908,1.3975517,1.960966,-1.4445889,2.5255342,2.9052486,3.2821968,3.335732,1.3280568,-1.0504771,4.394049,1.4214206,0.5851748,0.038779974,2.9631052,-2.9722216,3.774933,1.4225109,-0.47837973,2.7321703,0.58127177,2.2455106,5.260903,-0.7295412,1.6829115,3.1439705
1.0665658,2.7410457,0.11299479,-0.6219573,2.4683619,3.280597,0.029248834,2.4431849,6.046752,2.9877474,-1.1175475,1.04445,0.061935186,1.008059,0.14824235,5.3771167,2.890708,3.796952,0.37981737,2.4599223,1.3172019,1.3831036,-0.63855827,0.6523725,2.4295692,1.2256173,1.9536508,0.46311498,0.0746662,-1.4526482,2.8316188,-0.70343244,3.6315355,3.3935044,3.3495414,4.488082,3.8401942,4.338655,0.82715464,1.0102749,3.6095371,-0.5343174,0.08611441,2.0683098,6.4699364,3.258913,3.182207,1.9941115,2.4767725,3.1142838,0.16177654,-2.2699194,-0.0018932819,-1.2366035,3.1509566,1.4607089,0.9464879,-1.9022346,-1.2413778,4.2642903,1.3926132,-1.4267328,0.437052,0.18407369
1.6669554,1.9176695,2.9517088,0.11795902,2.6306596,2.6708477,2.2405884,2.501525,6.9915695,1.5460386,-2.0466368,1.8120896,1.5898246,0.55711615,2.3635075,4.6796994,2.5463235,3.81633,0.012950718,1.676894,3.6411982,3.6411424,-0.3664888,-0.33197975,1.6025789,-0.0065119267,1.5358381,2.1207666,1.9008323,1.0059783,2.054114,1.5042797,3.9282994,3.1756413,3.388618,3.1401095,3.508434,2.8919256,3.3105848,0.39023763,6.6071305,-1.5076693,0.98720634,2.4000933,6.113619,3.7292514,4.190041,2.093564,4.3313093,3.6184886,0.38311028,-2.751662,1.5573266,-1.3298097,3.229523,2.9993155,1.3053005,-2.0012698,-1.427178,2.3097267,0.46968123,-1.2608057,-0.30402136,2.3106232
2.511938,2.3435583,2.634444,0.25402737,-0.10537565,1.593721,2.143208,2.388186,5.157814,2.6044385,-0.09515548,3.1953683,1.5498667,1.069035,0.5710875,3.2953625,2.3314576,2.34937,1.1621689,0.34016275,1.4374964,1.1640257,1.9964163,0.55610704,2.0554748,1.665596,2.4225621,2.6708553,1.194412,1.4018111,1.8733987,-0.39517832,1.5797353,2.5862908,3.7387729,3.239159,2.423994,1.8060266,0.45640826,0.89343673,4.227965,-0.117346376,1.5532047,1.6468713,4.679712,4.091238,2.518873,2.2814221,2.638037,3.1700091,-0.30517292,-0.5608299,0.13872194,-0.25320244,1.3055005,2.1925826,0.8156066,-0.6560371,0.12552539,1.7194859,0.63259876,-0.7423698,0.32005644,3.0453472
1.9921675,1.491948,1.5557178,-1.4937947,-3.2419465,0.6430653,5.8950186,-0.32448435,3.1914113,3.9219136,0.5032271,0.85480696,3.8933992,-0.9366857,2.093481,4.5380774,1.0840394,-3.8326237,3.8196864,1.3977256,0.11836505,0.78381014,2.3508842,3.063434,-0.35107207,3.6767752,5.332844,3.0328188,-0.84426725,3.6023464,3.3034563,0.69355243,1.4910645,1.3645668,1.8398037,1.6361048,2.8252263,0.44775188,2.0173907,0.80472183,0.94254684,-1.5193883,0.4735176,0.48593056,0.5251529,1.9722192,2.8620842,-2.586831,3.3037941,4.267473,-1.8071795,2.0449119,1.3640392,-3.1737936,2.9417953,0.881804,-0.7521372,3.3016508,-0.4537626,1.080442,2.660522,-1.1046158,0.9702649,6.055997
0.15885615,2.9161768,1.9738235,-0.075124025,0.058008075,2.1076643,2.3982794,3.399146,5.7000294,1.3391532,-1.5165169,2.837092,1.0785874,1.2716227,0.73947567,3.3273237,2.6501632,1.7264191,-0.72009885,0.1702684,1.5347958,1.0200721,0.41480327,1.5248454,1.164299,2.424476,2.8306398,0.29123592,0.7033695,0.9496291,2.2059731,-1.5100617,-0.26042295,3.037503,2.563116,3.6445682,2.2009258,0.9937054,0.36192858,0.7542151,5.5299807,1.4637816,2.2972982,1.1705494,3.355375,4.2642946,2.7821298,3.0979548,1.927808,5.009466,0.52713466,-1.248193,0.5954083,1.3797542,1.6673813,1.8673532,2.0303094,-0.5025835,-0.82328635,1.6864669,-1.5978326,-0.45016256,1.7638979,3.0660408
2.4740915,3.0426555,0.7446176,-0.28218317,2.7351542,1.8649867,1.4408904,3.0735853,5.1629906,1.0514321,-0.3556062,1.8551855,1.0192653,0.46622622,1.1767166,4.210884,3.4066696,4.441156,1.0774952,0.96922094,2.8773189,2.5401835,0.16061382,-0.59452605,4.5916057,0.73045963,2.993044,0.8158303,2.2454338,-0.88726723,2.5933878,0.7734563,3.9939036,3.4680166,4.092763,2.8109884,2.9848056,3.389714,1.6258564,1.1543398,5.0275054,0.7042993,0.842437,1.8477206,8.298979,4.42953,3.0162191,2.3258698,2.5674345,3.0582175,0.78054,-1.2454457,0.8281219,1.1106775,0.5183749,5.1534843,1.264905,-2.8690796,-0.9964243,2.9474292,0.9038702,-0.80254,0.50475883,3.0327768
-0.6645396,2.7682636,2.540219,-0.76599,3.3268383,2.7975605,0.0072260946,3.335765,6.7174873,0.36213136,-1.9916347,1.357933,0.26858258,0.6953586,0.59951735,5.132418,2.7443945,4.4959574,0.27192006,1.8208935,1.1779538,0.81790614,-1.0411025,-1.6551764,2.3233657,0.50034267,2.1196299,2.4335449,0.5130607,0.10915089,1.6385207,-0.37406176,1.2319438,0.89394975,3.461967,4.2741084,2.9041836,2.6712637,0.09732509,0.8424057,7.013597,-0.08073819,-2.2110083,1.4527265,6.455577,5.2576094,3.9406369,2.4440856,2.47204,3.2835283,0.4193244,-3.7069645,-0.23389792,-0.8246448,3.8475819,4.3582935,0.7673893,-2.4327025,-1.1793361,1.7247081,-0.45519695,-0.5007396,-0.0071897507,2.1773386
6.1816573,2.2283447,-0.79669565,-0.20369053,-2.7683506,1.7532338,4.4301815,-0.6244502,2.0038939,3.381596,2.1697106,2.6624713,4.586288,-0.20829861,2.3493147,2.7239525,1.8741268,-2.590501,4.730509,1.3315891,1.2372885,0.28873503,3.541642,2.125855,1.2478205,3.705791,3.2251477,2.5166044,0.9807708,3.0717568,4.7594585,1.182908,4.261761,2.3129034,2.9035773,1.0590739,1.255163,0.71210057,3.7113545,0.5118896,0.302168,-1.2996781,2.1596262,1.1781985,1.1331444,2.0610173,2.080472,-1.4154274,2.1641479,2.9763536,-1.6537561,2.906307,1.5267332,-3.554818,1.5629022,2.0219517,-2.0190892,0.8621223,0.6360053,1.698309,5.754105,-1.0711242,0.33841872,4.3706093
2.747603,2.3351657,1.3212421,-1.3966434,-2.8134346,0.008817315,3.8818483,0.299325,4.506685,3.906127,2.2863474,2.6421187,2.9187467,0.60783523,0.5337492,2.4313111,-0.35655332,-2.2960505,3.3474624,2.330298,-0.5494791,1.3323765,2.6123805,5.7080526,0.91124046,2.9218502,5.280534,3.1633554,-0.66196465,2.2321215,3.9036012,0.37704295,-1.0402501,1.4498786,2.9329126,2.3359666,1.3852422,2.2389984,4.7961397,-0.41435826,1.641825,-1.5719243,3.1452873,2.6579866,-0.7943875,1.6634111,1.515301,-2.3369713,2.1362128,3.516234,-0.50414944,0.23750854,2.9193249,-2.7001913,3.947486,-0.45075202,-0.79161406,3.6683617,0.1117543,1.6105087,5.4644136,-0.34126928,1.9287732,2.114653
2.985095,1.2341682,1.2065566,-0.6581726,-0.9275868,0.50762814,2.0695922,1.583951,2.949864,3.856181,0.5543204,1.201039,2.4161615,0.44237393,1.0557424,4.1564703,1.7140872,-0.07411571,1.3429378,2.6601162,0.040093184,1.821295,1.0476439,2.3948643,0.8131885,2.6682274,3.4131522,1.5174159,0.54201406,1.0242407,2.0738528,0.70385396,3.7986386,3.2790022,3.098023,2.3957624,3.3867867,3.6439908,1.7337885,0.5381701,-0.32254234,-1.8654398,0.99217963,1.54331,4.212915,0.38062042,2.1405268,0.009581208,2.9498956,2.203839,-0.5373578,0.94464564,1.7913082,-3.2361786,3.0725064,1.1258934,-0.8358822,0.44789243,-0.9136132,3.4819434,4.7488008,-2.6870942,0.95849085,1.1353333
3.5839176,1.2769418,1.154793,-0.02295661,-2.3363078,0.4847558,2.6955,1.0585093,3.3325512,3.324131,0.8710096,2.7425728,2.1787624,-0.5520605,2.7027328,2.671505,-0.23092163,-0.6946508,3.6994128,3.3404193,0.5224099,0.83670866,2.0634718,0.494076,2.6982462,3.625092,3.5521383,3.623219,-0.35405087,2.2493553,2.525546,0.8460818,2.9884536,2.8996992,5.339123,2.1227307,1.7435633,3.0156088,4.226257,1.5210961,1.6176049,-0.3047912,1.8763275,2.0798705,3.1258245,3.8551545,0.61515594,-0.19422215,2.9149618,0.25380337,0.11679149,-0.28677535,2.852613,-2.086378,2.0907245,1.0515063,-1.2287471,1.5064988,0.19486213,1.6602138,3.3523986,0.2164976,0.00934577,1.231624
2.0776746,3.2841058,1.0711213,2.9807155,-1.3849767,4.5399184,1.9417162,2.3715339,3.5317197,2.3552232,-0.91914064,1.3818516,2.991028,2.437738,-0.12803555,3.7702966,0.96179193,-1.8124381,2.4053035,-2.6590002,2.808088,2.7704341,2.7717829,1.130051,0.19747758,4.345298,3.8169758,0.26866937,0.6957745,0.39061987,-0.90881014,-0.72522175,-0.14855719,3.348867,4.283074,4.6219783,0.61143136,0.48224235,-1.6766067,2.1682568,2.91449,3.8209102,0.61625284,2.4908257,4.333762,2.9038038,2.4562442,1.1661522,2.0651352,3.6230764,2.7516365,0.12666535,0.38225877,3.7176404,0.8495796,1.256911,2.7242854,0.9900818,3.7217684,1.4224663,-1.2824914,1.8992016,2.6207056,4.368629
2.3874578,2.0791752,0.8745535,0.99324894,-0.25033575,3.2404764,2.7330093,2.3227956,4.2218256,1.9906068,-0.4641405,1.3292634,2.5621743,0.2682363,0.90158737,4.297094,0.87703407,-0.94780666,2.1583016,0.15902734,2.6835146,1.0397933,1.4518497,-0.5917683,1.1111495,2.770133,2.945465,1.6874945,0.9454337,1.2974741,1.8470418,-0.007285714,3.0674834,2.7666368,4.2745504,3.254823,2.088077,1.4973985,-0.579242,2.0761914,2.5590649,0.52185893,-0.0999437,1.5339606,6.2562423,3.804152,1.6147137,1.6736901,3.1425512,3.5025294,0.5469811,-1.2935221,-0.7533462,-0.16524076,0.902545,2.7254894,1.8040524,-0.8955587,0.99723125,1.0900989,0.914166,1.8382335,0.29460263,3.5306726
1.0626662,2.6557367,-1.8004813,-0.11828661,0.16266108,1.416666,3.1505551,2.3595777,5.5646257,2.5300894,-1.08447,2.762783,1.0397933,0.40501907,1.6186718,4.1054573,3.1784525,2.8171613,1.9673078,1.1799802,0.99424624,1.8802291,0.09672302,-0.10107255,2.026365,1.2790463,1.5275542,1.4912516,1.8987025,0.8552751,4.059233,-0.46570212,1.9042453,2.1143632,3.1001143,2.8925514,2.8646355,1.3487543,1.4469597,1.0435659,4.090738,-0.4264824,3.7667468,2.0457954,4.5852747,3.2046206,1.2944386,1.8285127,1.8072989,2.6911826,-0.7059736,-1.0527596,0.39381075,-0.8327348,1.8715906,3.622786,0.42692852,-0.04365754,-0.17488998,2.051132,0.84392583,-1.4993669,0.49836636,1.8332114
4.0611286,1.1964794,-0.25506818,-0.721787,-3.6349704,1.2555287,4.5521135,0.41987824,3.438653,3.541461,0.2948599,0.68402994,2.348466,0.012018889,1.0752902,4.22391,0.15135825,-2.1268814,3.4991312,1.4794003,-0.47469974,1.3166647,1.7954757,3.6130686,1.804936,3.3195238,2.604754,2.942735,0.28616303,2.3823934,2.4996078,0.3928161,1.6365516,2.5566986,3.4533212,1.5917299,2.9082565,1.5235173,1.4878953,0.5127367,0.15297383,-0.9864555,2.980914,1.4452391,1.9944435,0.219122,0.92824215,-1.2357361,3.434412,3.1864462,-0.5294795,1.1501997,1.1143644,-1.8388436,3.8200061,0.47406864,-0.5058627,0.9490788,0.2978972,1.7484345,3.3707943,0.0014424324,1.3051226,2.151429
2.504605,2.337177,-0.7663836,-2.2474988,-1.154078,-0.071237445,4.2304173,-0.859874,4.4857864,4.0172153,2.1122334,3.2418194,4.981571,1.3362114,2.7412984,3.859384,2.5156524,-0.30328846,4.005094,2.9380045,-0.101056576,1.9172734,1.7698307,3.8081028,2.712622,2.8223174,2.7102637,3.1388369,0.4022792,3.6292143,4.335063,0.41399923,1.5779538,1.0832375,2.887629,1.1803339,2.5604966,0.19465816,4.7617354,0.019710302,2.7099395,-2.2279053,3.53026,1.2358844,1.1555245,2.1670666,2.6761343,-1.7503831,2.6531026,4.1607666,-2.6183853,2.3028145,2.6782293,-2.630547,2.881029,2.6745489,-2.3492355,0.58312345,-1.041241,2.6742122,4.7746596,-2.2122235,0.110091686,3.0531754
0.13879299,3.0616167,2.480697,0.27226472,4.039278,1.2604256,0.11109643,3.192094,5.8435326,0.5963725,-1.4908105,2.6640391,0.6442493,-0.8745499,0.61625177,2.9821525,3.5234516,5.2887516,-1.3042579,2.1482522,3.172874,1.7440249,-0.30275446,-0.101754904,2.0129282,1.6294203,1.9346321,0.50039244,1.660268,-1.6134646,2.015726,-0.1556952,3.196487,3.580812,3.5090942,3.5633934,2.588165,3.2569838,0.8077238,0.81300783,3.617178,-1.2505465,0.37357342,1.0177879,7.9475765,3.5450459,3.1345685,3.793825,3.410982,2.0462143,0.31885648,-1.5053506,0.15575314,2.1694403,1.7370625,3.1788585,0.6779971,-0.24293685,0.22740558,1.9220643,0.22457917,-0.6906617,0.7761712,0.13456511
-0.07235706,2.1256015,-1.2344513,0.023689508,1.4806535,1.7511637,1.8270333,3.063138,6.0660114,1.6389292,-0.26331097,2.381072,1.6699585,0.09766011,1.9525199,3.9160743,2.6779432,3.07168,1.5590079,0.7905509,0.97403526,1.0076243,1.0769122,0.14243364,2.6666608,1.5891026,0.83515584,1.9127263,1.2802117,1.6001662,3.3087826,0.44244528,2.2126887,2.0481627,3.0510569,2.8962667,3.1168494,0.4789173,0.8991198,1.1204247,5.6803336,-0.6209923,1.0951922,1.2396271,5.6402884,4.776431,1.632212,1.9136834,2.0038266,3.2619343,-0.25716352,-1.0757747,-0.33258557,0.37898493,1.6353016,3.4320858,0.46073723,-1.6760054,-0.7953718,1.3657799,0.37844354,-1.8266025,0.17950678,3.5469441
2.2972841,3.826829,2.114476,0.5552809,0.010609984,4.2341843,0.3092926,2.6986291,3.6597438,2.3417568,-1.6907905,2.2813106,2.4022093,0.46800634,1.1930988,3.4958959,1.6156695,1.9845214,-0.070046425,-3.0077007,2.7066007,2.2327113,3.4971175,0.22355723,1.3853608,1.4494833,2.9457722,-0.17453182,1.770237,-1.2165881,0.24714327,0.66525,-0.4029503,3.1203394,3.957666,4.957332,0.93156743,0.8492255,1.2850375,1.1215749,3.491246,2.1286035,0.9999969,4.2296615,4.645954,3.7388601,2.8117328,2.6803212,2.1045718,3.359625,2.391976,1.1126707,2.2054715,1.4302934,2.3411713,2.919292,2.312646,-0.9296173,2.2569525,1.4840473,-2.2645595,1.7251165,2.3200345,4.825591
3.0350046,0.9502703,-0.8305495,-0.16999412,0.40799874,2.1184843,3.3889508,1.7443781,5.808611,4.3781953,1.8528216,1.4577656,1.1317108,-0.78118324,3.01895,5.1725545,2.1833425,1.1270369,3.8393154,3.4877667,1.0282283,2.0938904,1.9949522,2.2270145,3.3186862,1.8407958,2.989008,3.2523758,0.587559,2.6171389,2.1295643,1.4868399,3.1200852,3.701037,3.650069,1.3726325,3.6587024,3.6120338,0.7540648,0.9349272,2.9872987,-1.9770141,1.6226946,0.64501977,3.536917,2.1015935,1.6551872,0.43267137,2.9035525,3.5064082,0.2924323,-0.42803693,1.1614115,-3.108123,3.614844,2.5250864,-0.35633755,-0.38604045,-1.7460918,4.125497,3.0052805,-2.3679838,-0.28003502,2.2818012
3.7533276,1.7374701,-0.91351897,-0.15417838,2.0170987,0.44296008,1.996623,1.4301939,6.2118325,2.1382816,-0.27595344,2.3408685,0.88887143,-1.0549628,4.188832,3.8265204,2.6954448,2.8234458,2.5289907,3.026874,2.986196,0.42891812,1.1106306,1.7321684,2.9480767,1.0754881,0.8590026,4.680195,2.2543344,2.833455,4.3189354,2.400135,5.266103,4.4139824,3.3771687,2.1199856,3.440963,3.206723,3.144033,0.9915564,5.1602635,-0.4419848,0.62797004,1.1580241,2.4124415,5.14566,1.8574886,1.1908178,1.6164324,2.0348597,-0.9530411,-1.3647323,1.761435,-1.589647,3.5940928,3.6791604,-0.5813618,-0.62717295,-1.5522158,1.3644327,4.147819,-2.9461455,-1.0209525,2.1288478
0.99923164,1.4363542,2.7693672,0.7026787,-1.0810463,2.99221,1.2075536,1.8984084,3.0000553,1.0973353,-1.2639608,2.5661867,1.5368593,-1.6313374,0.7485815,3.6464322,0.60916126,0.51105714,0.23539881,0.433815,0.41115153,-0.19729787,1.6596124,-1.0282035,1.2688016,2.8092039,2.625589,0.9834099,0.5665196,-0.30757916,0.52862954,-0.6737356,1.0603312,2.0051632,3.0019379,2.6500378,1.6793857,0.62280357,-0.682166,1.5118002,4.1529093,2.0474184,2.0696719,0.55614805,4.760259,4.3845587,1.1995081,1.9324379,3.3281302,3.845698,1.3439999,-0.9363868,0.7355906,0.38279688,1.221755,1.3770568,1.9052606,-0.033093452,0.83224535,0.93123096,-0.9651206,-0.27261215,2.02084,3.104199
0.6744951,3.3058417,2.5396235,0.19970274,1.354927,4.0945582,0.9151131,2.7924528,5.7511587,2.3393524,-0.1408802,2.8079572,0.9135008,0.3103068,1.3810174,4.0672297,4.661208,5.356046,0.67448854,-0.3479153,2.3409414,3.1846426,1.1203706,-0.6510842,2.5050378,0.52272797,2.741337,0.95263803,1.271311,-0.20500124,0.21756768,-0.77140665,0.5227239,3.076094,3.4420915,4.138055,1.2055213,2.0829687,0.8035507,2.1365926,4.9611278,0.23108578,1.3258197,3.2335587,6.321558,3.612197,2.928739,3.58627,2.6212535,1.9285271,0.31785202,-2.4326885,1.2335215,1.6459746,1.1517203,3.1743295,1.4669299,-0.72940767,1.3043593,1.8647792,-2.1568594,0.331948,0.16237974,2.1417468
3.5911417,1.951223,-0.12206447,-0.089417696,-0.24695951,2.4963968,4.0004625,1.4083025,5.32589,3.5170393,1.4770017,2.9982443,1.8568122,-1.277429,3.2639067,4.0929003,2.7140214,1.6159227,3.373461,2.7362099,1.8924862,0.6804714,1.4064199,0.75763226,3.8219628,2.6092463,2.0127752,3.5846968,1.7332652,3.6135378,3.2254658,1.3548414,2.3945537,3.5880692,3.7439828,1.4847711,2.37847,2.0260792,3.2595813,1.352205,3.0159512,-0.27953243,1.8415413,1.887084,2.3031833,4.2657046,1.731441,1.0835676,3.4659712,2.4997888,-0.98716474,-1.545573,0.80348706,-0.57659006,3.4963026,2.650486,0.091379166,0.75927854,-0.47705173,2.0319457,3.299067,-1.4677033,-0.2866733,2.8695545
2.7820818,3.3254917,3.2619872,1.0687195,-1.1162405,4.9994817,1.5690895,3.031121,3.4503503,1.8590229,-3.1604383,1.4471618,3.5130143,1.2413806,1.5792749,3.1365643,1.7162831,0.30411726,1.1932987,-4.391386,3.7393818,-0.16564381,3.2680213,2.4772542,-0.7365609,3.2775843,4.4497395,-0.68450236,1.7583554,-1.4455106,-1.0674133,0.55323446,1.0991434,4.6152034,4.02303,5.345784,0.59507155,1.0149515,-2.4371855,1.3009348,2.424345,2.5385466,-0.3231082,1.007442,4.3851433,2.711111,4.269551,3.560619,2.3269024,4.823138,2.385829,1.4383729,-1.4014901,2.6366146,1.8721447,-0.15538979,3.825992,0.972451,2.657742,1.3565111,-2.1283886,2.6668415,4.59508,6.0033765
0.5785451,2.327267,1.7523563,0.45979834,0.06752455,4.5988054,1.97596,2.5424213,4.282192,2.050273,-2.6709661,1.22394,2.0190806,1.8648282,0.095033765,4.090652,2.5785666,1.4240053,-0.4393677,-1.9881775,2.7112155,2.2822523,1.0037144,-0.45351535,-0.26210225,1.6958184,3.1413698,-0.7761564,1.046251,-1.9230099,-0.2756853,-0.9574572,1.0134146,3.476677,2.9250586,3.613781,1.4651592,0.6609471,0.41168115,2.0490835,2.474251,1.5565044,3.40654,2.6595616,5.765563,1.2408581,1.8525748,3.0898795,2.6225934,3.3575528,1.3311099,-0.09584808,1.6691482,1.3193046,0.12990117,1.7249622,1.6586678,-0.78587925,1.4903849,1.2461102,-2.6906838,0.793663,1.4696373,2.5742755
3.3166194,2.805187,0.22831112,0.46679354,-0.3862634,1.7510326,0.7446439,3.008568,4.6073675,3.0803761,0.75803834,2.4841108,1.6458406,2.1078598,0.37269986,4.3284817,2.312025,1.8381641,1.6436291,0.608886,1.2142628,1.5205444,1.2190759,0.7824075,2.3127713,2.2056718,1.5932481,1.8959603,1.4367924,1.0189848,2.828279,-1.0131315,2.1258388,3.0746043,3.8797107,3.8210144,2.6047227,1.8765532,0.15857333,1.0679468,4.9120245,-1.0436188,1.3658708,1.2895156,4.0352273,3.3581376,2.9045458,1.9822502,1.4219108,3.6064222,0.37977648,0.2964294,0.18627906,-0.34091663,1.9634619,2.2581067,0.8914802,-0.64129996,-0.33637363,2.2545083,0.090165704,-0.50929964,1.3493811,3.5375133
0.87513137,1.86552,-1.0451343,0.14402223,0.3507986,2.517909,2.1694589,2.54765,4.8925657,2.1107051,-0.80981374,1.4613812,1.4059241,0.13676512,0.82720363,4.4789248,1.902812,1.413059,1.6928337,0.96646583,1.4624926,1.2421775,1.344549,-0.094637394,1.5489309,1.0134004,1.9292126,1.4848328,0.65259695,0.7608422,3.444934,0.13886786,1.5373741,2.745808,4.1096992,3.1773872,2.8488996,0.96903014,1.0822294,0.76163065,4.7176003,-0.5728174,1.3343592,1.5974957,4.2941284,4.546143,2.6250012,0.69279677,1.3120196,3.1408508,-0.33022976,-0.65506315,0.4146979,-0.82727075,1.7423279,3.0773616,0.83683205,0.16189933,-0.22558999,1.7809591,0.064015076,-0.9573576,0.6028609,3.0391319
-0.61857307,3.0344248,0.14868355,-0.16684413,1.6362977,2.2213867,2.094071,2.9574003,5.6882677,1.1827493,0.27709627,2.166278,0.7211569,1.0146452,1.7272177,4.3660192,2.4234786,3.199291,1.2713931,0.41180074,1.5147332,0.8300597,0.57490647,-1.0287571,1.7559845,1.273897,0.4893813,2.3949533,0.5674337,1.5108628,1.6648026,0.11017129,1.3367261,2.1998034,3.945971,3.6971507,2.791799,0.6707688,1.1863171,1.0042498,5.1402683,0.09299517,1.381284,2.4520788,5.6563153,4.0641875,2.109932,2.1870813,2.037716,3.1265318,-0.24608326,-1.2714393,0.23220634,0.08486056,0.8546381,3.6824827,0.7801652,-1.3755567,-0.15686488,2.2730217,-0.28026074,-1.2134979,0.011543274,3.333391
1.7536254,3.2965705,2.1108165,0.5681536,-0.0019792318,1.4675993,1.7871251,2.760421,4.541064,1.899689,-2.0747075,3.2979593,2.676581,1.5496119,0.48374772,1.8935431,2.7197626,1.5719591,0.061777234,-1.578275,1.454298,2.0494404,-0.5031218,3.179549,0.51001304,2.9322555,2.9897764,-0.808427,1.8067827,-0.9882729,2.027843,-0.68076456,1.9270625,3.9878366,3.199815,2.9054465,1.2940534,2.1017544,1.2478206,1.4624597,3.2796993,1.6257446,5.457674,1.3125557,5.944072,0.6222265,3.0293434,3.3292356,2.698295,4.1555867,0.97242045,-0.441967,1.8272829,2.2514696,0.8863251,2.2907574,2.5417345,0.83174706,1.2368627,1.1715117,-1.555786,1.2943046,2.7954998,1.3627687
0.27059746,3.651167,2.5481253,0.9553914,1.7550492,4.202103,-0.36267602,3.56724,5.30476,0.77731204,-2.9486368,1.3954904,2.3979416,1.1717997,1.3966342,4.684847,1.6137996,2.5611985,-0.28619224,0.42945245,3.0699813,0.8759378,-0.25738412,-0.046133876,0.30483475,0.91873455,2.7954967,-0.34060264,1.0337784,-1.2863142,0.06504989,-0.2013712,2.2353826,1.2970467,3.6800704,4.872823,1.9491827,2.1137595,0.35887578,1.348642,3.8811936,2.0812197,-0.49271005,2.1602342,8.125088,2.1762633,3.2547967,2.743157,2.8456101,2.3150196,1.5292456,-1.5407722,-0.27994823,0.37443113,1.9422905,0.8302922,1.2409542,-1.2188509,0.09309015,2.447322,-2.9741983,0.5230262,0.9502568,2.4426804
2.301884,3.3900642,0.18565094,3.1603801,-2.92798,5.246653,1.9879766,2.2227309,1.9921771,3.4109735,-2.7278183,1.245949,3.4683213,0.7819268,0.47810316,2.6651888,1.3534157,-1.5612657,0.71256495,-4.8362145,3.2491803,2.0409381,2.269649,1.7616198,-1.254016,4.3049316,3.0341454,-1.6180373,1.441652,-0.16994572,-0.50963116,-0.6748822,-0.07475829,4.675484,3.3700366,3.9985096,0.41084552,0.6699108,-1.4980325,1.8720526,-0.023505628,3.2143583,0.91598916,2.0329213,3.3663874,-0.57279664,2.6820707,2.078977,2.1245751,4.692376,1.8172106,2.511896,1.1814237,3.6038048,-0.3980695,0.25207186,3.052581,0.38512564,3.4941733,0.42134997,-1.3232381,3.0134292,4.443433,3.8665953
1.3570738,1.864284,1.6745445,-0.8670294,2.298059,1.8506656,1.4887199,3.174573,6.3442245,1.2198459,-1.6479921,0.62575626,0.56428,0.813439,0.33295882,4.534317,3.0450697,2.62958,0.87011373,1.5461737,1.6928321,2.098672,0.031268805,0.83180547,2.4118586,1.0566013,3.6350327,0.95154536,0.16046518,-0.39574873,2.670609,-0.5355348,4.035977,2.2707996,3.341619,2.6912582,3.5887961,3.2995965,1.0668923,0.8637935,5.181979,0.09806631,-0.2197386,1.2208643,5.2278657,3.967521,4.361259,1.5042472,2.2408702,3.9039989,-0.45658875,-1.9033375,0.18324494,-1.2717898,2.9889638,3.4365282,1.3806899,-1.9127158,-1.5890056,2.4606996,0.9205842,-1.1650106,0.872576,3.2000737
-1.1010685,2.8412588,6.969283,-0.07423663,0.0003798455,3.429041,3.2372763,2.0493426,4.2286654,0.7290567,-5.8604846,1.5849242,1.8202198,-0.55805737,3.0572119,3.4697795,2.831609,3.061996,-0.17519116,-1.9969158,3.4388068,-0.4424374,-0.6795304,-1.0076457,-1.4294068,0.6759493,5.1296225,1.1272553,0.3260858,-2.2151296,-2.1628458,-0.49621665,-0.969805,2.6081817,1.7498554,5.4241524,-0.08543301,1.3497527,-2.266024,1.9066327,6.9164963,0.7442273,-2.0318506,1.7446872,3.5678792,3.3017793,4.130245,2.4973755,2.9627633,2.9576724,0.7343359,-0.018747568,-1.7631067,1.2946937,2.731892,1.1417485,1.8835009,-0.8464011,2.2109993,1.6015067,-3.425116,1.5875968,1.7789396,3.6856492
3.482678,1.0725492,1.3201433,-0.12608576,-1.6518729,2.5423996,4.089685,0.7154412,2.4048305,2.6280792,-1.3805507,0.5938797,2.4467769,-1.3056331,-0.13586068,4.4903936,0.22447479,-3.0668,1.7845979,1.4046191,1.1636695,1.7443908,0.23107857,1.6184776,-1.5423338,3.3097086,4.4094396,0.95652294,0.3432026,0.65369153,1.9797924,0.4988429,3.0345628,2.847313,2.8750513,2.4409976,2.9108984,3.8112545,-0.19386528,0.72305316,-0.030612946,-0.40167522,-0.319463,1.0865841,3.2263126,0.6905403,1.2790983,-0.6530387,3.0051882,3.2043762,-0.291214,1.7655847,0.46808267,-1.3465567,2.625396,-0.42417288,0.7045531,2.050813,1.3519754,1.6262102,3.3518026,0.110844,1.5427741,1.5420808
-1.9211749,3.4537446,2.0628927,0.5181217,3.3377128,3.1193142,-0.09850954,3.572572,5.67703,-0.7653596,-4.422682,1.7157059,-0.353413,-0.08162312,1.8113476,4.534915,4.6296372,6.404937,-0.996613,0.33207107,3.1470084,1.1990101,-1.0025351,-1.8297938,0.9085171,-0.907822,2.60667,1.9339795,0.98368853,-1.8353485,0.28801203,-0.51089823,1.0451024,1.3861157,2.0432642,4.5026217,1.8212535,2.8641982,-0.57650447,1.4358301,6.5172257,0.3146674,-1.7225378,2.3349826,7.2897825,3.5518556,2.6337562,3.4609692,2.1838706,2.3646472,0.48517418,-2.4209442,-0.7571795,1.7300253,1.4440308,2.5844922,0.8464718,-2.6559966,0.17880495,2.305214,-2.9702823,-0.71488553,0.9845362,0.6017393
4.239228,0.78321826,-1.4542911,-0.06847429,-2.039812,1.3274338,4.690966,0.37211132,2.3648694,4.7326,1.8143017,2.3974504,2.7061374,-1.5496848,3.0533342,1.5736108,1.2929058,-0.19498438,5.15965,2.02147,1.2575617,1.7006036,3.2607107,2.4828641,2.7051666,1.602809,3.772567,2.6765106,1.1676195,2.7544425,3.5919101,2.159866,2.0378807,3.926237,4.0457883,1.8042814,1.9451909,2.5309865,2.6800802,0.70585674,0.44256616,-2.3985238,2.9326668,0.87763214,0.8183831,2.2279778,-0.36948755,-0.29704177,1.888912,1.7053636,0.37423754,1.7877382,2.29374,-3.2720942,1.8363366,1.6886206,-2.1720996,1.9445896,-1.1475213,3.6392958,4.4135547,-1.9549015,0.15904117,4.1906104
2.4195895,1.1259651,0.32125598,-1.3430436,-1.2374945,0.4760532,3.1309938,1.2625678,3.2249267,3.2982018,0.9724568,2.2656157,3.1481824,-1.2619965,1.0037059,3.1134274,0.581741,-1.6661828,1.6337008,1.5961334,0.4779141,1.5124259,1.672408,4.122229,1.269894,2.5084057,3.936952,2.0621161,0.045464277,2.2116072,2.9953363,0.5949286,1.6399794,2.6851301,2.0268168,2.1482272,2.071397,3.088168,2.907855,0.89669937,1.291281,-2.473626,1.1012038,1.2511718,1.2869304,2.2618837,1.7406135,-0.59690785,3.0606506,2.6859293,-0.4391985,1.415005,2.49437,-3.8409927,3.6571293,0.71182156,-1.1826103,2.130839,-0.30902648,2.0823035,4.6757503,-1.6985698,1.3882892,2.703577
2.901586,3.2676191,4.7364793,0.07472825,1.3941946,5.5874014,1.464171,2.4215205,5.4406066,1.4917722,-5.8558054,0.9245719,2.8473582,0.5390351,2.8039474,4.309877,1.6477048,2.6177118,-1.1541412,0.59830505,5.3458877,-0.7515124,0.099963754,-2.2106652,-1.1080409,0.35894665,5.9647512,-1.0246056,1.0121744,-2.058333,-1.8079443,1.1468954,1.2892462,2.413219,2.504404,5.559364,0.41000533,2.5341396,-1.6450866,0.95528436,5.215259,0.37802336,-3.1455333,1.1203274,4.4019156,2.5621233,4.431945,2.051551,2.8801208,2.1973555,2.1864822,-1.2110536,-3.080859,0.6126096,2.684744,-0.62698424,1.0646973,-2.080179,1.2316315,2.106667,-1.5337788,1.0382338,0.14853907,3.6925282
5.353262,1.5168968,1.3395655,0.49483526,0.03851676,2.0790224,4.2543826,1.480413,4.7302895,3.4659524,0.5665331,2.0446043,0.5779983,-0.10857493,1.5095384,4.36958,3.2315192,2.170228,2.3772733,2.5541034,3.126088,1.9893093,1.7226915,0.8985858,3.1878312,0.22941115,4.7387357,3.3205264,2.492969,2.4346373,2.245973,0.25716907,5.096299,3.5795333,4.072918,3.221598,3.330036,2.794209,1.9180859,0.48516953,3.7613654,-1.8557732,2.3372643,2.3283958,2.9102566,4.065549,3.2767875,1.3763375,1.757088,2.7945013,-0.7275281,0.5430715,1.2766731,-2.513339,2.3922594,3.6786513,-0.3804326,0.45502067,-0.97764856,3.0896013,4.1614423,-1.7250526,-0.68426394,2.6031609
-0.34296393,1.5180107,-1.3296475,-1.8000314,0.34462833,-0.21426225,1.7404405,0.9024136,5.863817,2.8164964,1.2631392,2.363142,1.4443877,0.4940403,2.4639242,5.178999,3.122642,2.498606,0.98609775,2.5883608,0.480067,2.2417731,0.6012267,0.7368157,2.9300396,0.21383089,2.068573,3.2128701,-0.25217485,2.3670774,3.6812875,-0.13311169,0.98892045,1.43528,2.343583,3.3804412,3.471126,2.162642,3.5026264,0.3416093,3.7483106,-1.7066882,1.7501159,3.0737176,2.1492724,4.220071,2.8490837,-0.21422897,1.1682572,3.2136815,-1.4257555,-0.29636788,1.7838154,-2.7639978,3.7664483,3.2593927,-0.29329205,0.11762452,-1.7864803,2.6656134,1.4551326,-3.1226554,-0.32005334,1.0115241
-0.633093,1.3455064,1.7153041,-0.91203785,2.9889674,2.6549656,0.246294,2.7091532,6.0565324,1.3224298,-4.2701387,1.1067752,0.48535705,-0.18315604,0.29960763,5.396086,2.1999588,3.22753,-2.3587027,3.0951276,1.716824,0.6468957,-3.1992278,-1.210642,-1.0468926,1.0519352,1.8724805,0.6643553,0.10548633,-1.9595201,1.6391234,-0.28111207,4.5181766,1.8107634,2.0505202,4.016518,4.4916725,3.8665514,0.24332365,0.59057814,2.8727398,-0.63027596,-3.5229423,0.6456984,7.6661434,2.9913824,4.0509453,1.9510007,2.8029976,2.727544,0.07706165,-2.3814569,-0.65585613,-1.7841249,3.379185,-0.022688627,0.92794776,-2.1123424,-1.816463,2.6999233,-0.3743621,-1.3062907,-0.20330715,-1.4777995
